{"cameraMode":{"drawMode":0,"name":"Shaded","section":"Shading Mode"},"sceneLighting":true,"audioPlay":false,"sceneViewState":{"m_AlwaysRefresh":false,"showFog":true,"showSkybox":true,"showFlares":true,"showImageEffects":true,"showParticleSystems":true,"showVisualEffectGraphs":true,"m_FxEnabled":true},"in2DMode":false,"pivot":{"x":3.2780489921569826,"y":2.3090293407440187,"z":1.002298355102539},"rotation":{"x":-0.17650938034057618,"y":0.6318761706352234,"z":-0.15082353353500367,"w":-0.7394739389419556},"size":3.5744264125823976,"orthographic":false}